device,arquivo,total_packets,total_bytes,avg_packet_size,max_packet_size,min_packet_size,tcp_packets,udp_packets,dns_packets,icmp_packets,arp_packets,unique_source_ips,unique_destination_ips,unique_ports,capture_duration,packets_per_second,bytes_per_second,tcp_ratio,udp_ratio,dns_ratio,icmp_ratio
google-home-mini,2021-09-02_15.50.20_192.168.12.128.pcap,33474,3115439,93.07041285774034,1484,62,2568,29590,834,1316,0,29,31,328,10218.833552837372,3.2757163356189096,304.87227176089624,0.07671625739379817,0.8839696480850809,0.024914859293780248,0.03931409452112087
google-home-mini,2021-09-06_15.50.20_192.168.12.128.pcap,209059,22187779,106.13166139702189,1484,54,54002,143960,7024,11088,0,43,46,2592,86400.51696109772,2.4196498742493624,256.80146115317996,0.2583098551126715,0.6886094356138698,0.033598170851290785,0.053037659225386134
google-home-mini,2021-09-07_15.50.20_192.168.12.128.pcap,52013,11839414,227.62413242843135,1484,54,24396,17841,6214,9769,0,45,49,2334,76169.69465994835,0.6828568793954947,155.43470474518546,0.4690365870070944,0.34301040124584237,0.11947013246688327,0.18781843000788265
google-home-mini,2021-09-04_15.50.20_192.168.12.128.pcap,489973,41024647,83.72838299253225,1514,54,147059,331820,7030,11086,0,41,45,2586,86400.03235411644,5.670981672689799,474.8221254346026,0.300136946321532,0.6772209897280054,0.014347729364679278,0.0226257365201756
google-home-mini,2021-09-05_15.50.20_192.168.12.128.pcap,352071,31586693,89.71682700364416,1514,54,66000,275011,6988,11052,0,43,47,2584,86399.1383600235,4.074936471390804,365.5903704546089,0.1874621880245746,0.7811236938003983,0.01984826924114738,0.03139139548556967
google-home-mini,2021-09-03_15.50.20_192.168.12.128.pcap,473431,40391799,85.31718244052459,1514,54,136885,325495,7026,11044,0,47,51,2576,86398.99277496338,5.479589342356204,467.50312362095843,0.2891340026318513,0.6875236306874708,0.014840599791733114,0.023327580999131868
fridge,2021-09-07_02.59.37_192.168.10.207.pcap,13845,127780168,9229.336800288913,53634,66,13813,32,30,0,0,10,12,26,48.17696213722229,287.37802023642195,2652308.537762181,0.9976886962802456,0.002311303719754424,0.0021668472372697724,0.0
fridge,2021-09-05_15.50.36_192.168.10.207.pcap,160017,71437466,446.4367285975865,11650,46,109413,48349,44100,0,0,2395,2397,16610,86397.34774804115,1.8521054658605303,826.8479051964841,0.6837586006486811,0.3021491466531681,0.2755957179549673,0.0
fridge,2021-09-07_03.04.37_192.168.10.207.pcap,111486,21186725,190.03933229284394,13098,46,61444,48025,43778,0,0,2388,2390,16504,86386.26771998405,1.2905523405800472,245.2557050927991,0.551136465565183,0.4307715767002135,0.39267710743949913,0.0
fridge,2021-09-04_15.50.34_192.168.10.207.pcap,109243,18894915,172.96224929743784,17442,46,59031,47975,43726,0,0,2410,2412,16537,86398.47210097313,1.2644089339025426,218.69501323955916,0.5403641423249087,0.43915857308935125,0.4002636324524226,0.0
fridge,2021-09-03_15.50.27_192.168.10.207.pcap,111929,19333347,172.7286672801508,11650,46,61446,48133,43882,0,0,2389,2392,16614,86393.56738090515,1.295570994383301,223.78225122664733,0.5489730096757766,0.43003153784988696,0.39205210445907673,0.0
fridge,2021-09-08_03.04.50_192.168.10.207.pcap,46281,8960756,193.61630042566063,13098,46,25259,19860,18102,0,0,1108,1110,8580,35710.32521009445,1.29601172007578,250.9289945493694,0.5457747239687993,0.429117780514682,0.39113243015492316,0.0
fridge,2021-09-02_15.50.26_192.168.10.207.pcap,13504,2587670,191.62248222748815,5374,46,7612,5658,5154,0,0,345,348,2806,10212.345305919647,1.3223211314811618,253.38645751628096,0.5636848341232228,0.41898696682464454,0.38166469194312796,0.0
fridge,2021-09-06_15.50.36_192.168.10.207.pcap,65629,126578693,1928.7006201526765,53314,46,42558,22275,20302,0,0,1244,1246,9389,40056.68427801132,1.6384032074273887,3159.9892822253387,0.6484633317588261,0.3394078837099453,0.30934495421231467,0.0
smartlife-bulb,2021-09-02_15.50.28_192.168.10.235.pcap,2623,545014,207.78269157453298,350,54,510,2113,0,0,0,3,4,5,10220.17741894722,0.25664916492909523,53.32725427932365,0.19443385436523064,0.8055661456347694,0.0,0.0
smartlife-bulb,2021-09-04_15.50.31_192.168.10.235.pcap,22205,4609224,207.57595136230577,427,54,4360,17845,0,0,0,4,5,8,86396.5101749897,0.2570126959413688,53.34965487222065,0.19635217293402388,0.8036478270659762,0.0,0.0
smartlife-bulb,2021-09-03_15.50.30_192.168.10.235.pcap,22219,4611419,207.54394887258653,427,54,4367,17852,0,0,0,4,5,8,86396.5082230568,0.25717474533386725,53.37506219689261,0.19654349880732705,0.803456501192673,0.0,0.0
smartlife-bulb,2021-09-05_15.50.33_192.168.10.235.pcap,22212,4610482,207.56717089861337,427,54,4362,17850,0,0,0,4,5,8,86396.50970005989,0.25709371914574697,53.364215938885366,0.1963803349540789,0.8036196650459211,0.0,0.0
smartlife-bulb,2021-09-07_15.50.36_192.168.10.235.pcap,19589,4066034,207.56720608504773,427,54,3848,15741,0,0,0,4,5,8,76161.33381605148,0.2572040039019313,53.3871164838116,0.19643677574148757,0.8035632242585125,0.0,0.0
smartlife-bulb,2021-09-06_15.50.34_192.168.10.235.pcap,22222,4612002,207.5421654216542,427,54,4368,17854,0,0,0,4,5,8,86396.51081800461,0.2572094612340415,53.38180855144999,0.1965619656196562,0.8034380343803438,0.0,0.0
ring-chime1,2021-09-06_15.51.43_192.168.10.215.pcap,30917,4706769,152.23886534916065,3366,54,30222,695,188,0,0,49,52,468,86397.44010090828,0.35784625058208147,54.47810715806751,0.9775204580004528,0.022479541999547176,0.00608079697253938,0.0
ring-chime1,2021-09-03_15.51.04_192.168.10.215.pcap,30834,4693504,152.21846014140235,3366,54,30138,696,186,0,0,47,49,463,86385.88546991348,0.35693330955945207,54.331838754314276,0.977427515080755,0.02257248491924499,0.0060323020042809886,0.0
ring-chime1,2021-09-04_15.51.21_192.168.10.215.pcap,30811,4697362,152.45730420953555,3366,54,30120,691,198,0,0,46,47,470,86385.96631717682,0.35666672856183124,54.37644793777095,0.9775729447275324,0.022427055272467626,0.006426276329882185,0.0
ring-chime1,2021-09-02_15.51.04_192.168.10.215.pcap,3671,557624,151.89975483519476,3366,54,3573,98,34,0,0,10,11,63,10209.085040092468,0.3595816848996245,54.62036977947921,0.9733042767638246,0.026695723236175428,0.009261781530918006,0.0
ring-chime1,2021-09-05_15.51.37_192.168.10.215.pcap,30892,4702272,152.21649618024085,3366,54,30174,718,208,0,0,44,46,468,86385.88487100601,0.35760471801763516,54.433337194167464,0.976757736630843,0.02324226336915706,0.006733134792179205,0.0
ring-chime1,2021-09-07_15.51.45_192.168.10.215.pcap,27139,4135915,152.39747227237555,3366,54,26518,621,176,0,0,46,49,414,76052.00074005127,0.35684794266967634,54.382724448456266,0.9771178009506614,0.02288219904933859,0.00648513209771915,0.0
aqara-hub,2021-09-02_15.50.23_192.168.10.205.pcap,1976,362298,183.34919028340082,1385,46,1274,408,0,0,0,3,5,5,10171.961784124374,0.19425947933504734,35.61731824095596,0.6447368421052632,0.20647773279352227,0.0,0.0
aqara-hub,2021-09-07_15.50.32_192.168.10.205.pcap,15612,2855018,182.87330258775302,1478,46,10222,3050,0,0,0,3,6,9,76142.07404208183,0.20503775601609742,37.49593159784566,0.6547527542915705,0.19536254163464,0.0,0.0
aqara-hub,2021-09-04_15.50.25_192.168.10.205.pcap,17394,3190272,183.41221110727838,1478,46,11359,3459,0,0,0,3,6,8,86398.61660003662,0.20132266793716957,36.92503567237265,0.6530412786018167,0.19886167644015176,0.0,0.0
aqara-hub,2021-09-05_15.50.27_192.168.10.205.pcap,17329,3167332,182.7763864042934,1478,46,11269,3458,0,0,0,3,6,9,86371.76044082642,0.20063270577739534,36.67092095650811,0.6502971896820359,0.19954988747186797,0.0,0.0
aqara-hub,2021-09-06_15.50.30_192.168.10.205.pcap,17037,3100880,182.00856958384693,1478,46,10982,3458,0,0,0,3,6,7,86378.93023395538,0.19723559847124375,35.898569148765056,0.6445970534718554,0.20297000645653576,0.0,0.0
aqara-hub,2021-09-03_15.50.23_192.168.10.205.pcap,17356,3185807,183.5565222401475,1478,46,11320,3462,0,0,0,3,6,10,86373.5400390625,0.20094116777141166,36.884061930994335,0.6522240147499424,0.19946992394560958,0.0,0.0
thermopro-sensor,2021-09-05_15.50.32_192.168.10.245.pcap,60478,10837995,179.20557888819076,507,54,42621,17857,0,0,0,4,5,9,86397.05638098717,0.7000007006408727,125.44403078048671,0.7047356063361884,0.29526439366381163,0.0,0.0
thermopro-sensor,2021-09-03_15.50.27_192.168.10.245.pcap,59593,10716239,179.82378802879532,507,54,41737,17856,0,0,0,4,5,9,86397.02012991905,0.6897575855091685,124.0348218478544,0.7003674928263387,0.29963250717366136,0.0,0.0
thermopro-sensor,2021-09-02_15.50.25_192.168.10.245.pcap,7146,1282549,179.47788972851944,350,54,5036,2110,0,0,0,3,4,5,10220.236523866653,0.6992010393607243,125.49112704045027,0.7047299188357122,0.2952700811642877,0.0,0.0
thermopro-sensor,2021-09-06_15.50.32_192.168.10.245.pcap,59961,10744006,179.1832357699171,507,54,42105,17856,0,0,0,4,5,9,86397.00133705139,0.6940171426330013,124.35623729677327,0.7022064341822184,0.29779356581778155,0.0,0.0
thermopro-sensor,2021-09-04_15.50.29_192.168.10.245.pcap,60021,10773993,179.50372369670615,507,54,42165,17856,0,0,0,4,5,9,86396.99734807014,0.6947116432552815,124.70332685978073,0.7025041235567552,0.2974958764432449,0.0,0.0
thermopro-sensor,2021-09-07_15.50.34_192.168.10.245.pcap,52169,9363785,179.48944775633038,427,54,36430,15739,0,0,0,4,5,7,76163.5260720253,0.6849604094047002,122.9431656189996,0.6983074239490885,0.3016925760509115,0.0,0.0
wansview-cam-wired,2021-09-04_15.50.32_192.168.10.183.pcap,73427,19937124,271.5230637231536,1120,54,391,70156,52,0,0,19,21,1448,86390.3752310276,0.8499442189438282,230.77945832141108,0.005325016683236412,0.9554523540387051,0.0007081863619649448,0.0
wansview-cam-wired,2021-09-06_15.50.33_192.168.10.183.pcap,73540,19967606,271.52034267065545,1120,54,422,70228,56,6,0,20,23,1448,86389.37738609314,0.8512620674568999,231.13496825842805,0.005738373674190916,0.9549632852869187,0.0007614903453902638,8.158825129181398e-05
wansview-cam-wired,2021-09-03_15.50.28_192.168.10.183.pcap,73313,19899050,271.42594082904805,1120,54,345,70088,52,0,0,19,21,1442,86394.13205194473,0.8485877253320901,230.3287217242444,0.00470585025848076,0.9560105301924624,0.0007092875751913031,0.0
wansview-cam-wired,2021-09-07_15.50.33_192.168.10.183.pcap,64787,17595311,271.5870622192724,1120,54,373,61874,48,0,0,20,23,1287,76162.76645207405,0.8506387440740834,231.0224775129718,0.005757327858984055,0.9550372759967277,0.0007408893759550527,0.0
wansview-cam-wired,2021-09-02_15.50.28_192.168.10.183.pcap,8698,2363387,271.71614164175674,1120,54,48,8310,6,0,0,11,13,184,10223.250605106354,0.850805711018713,231.17764508477617,0.005518510002299379,0.95539204414808,0.0006898137502874224,0.0
wansview-cam-wired,2021-09-05_15.50.32_192.168.10.183.pcap,73472,19954809,271.5974657012195,1120,54,413,70179,52,0,0,20,22,1447,86389.85400009155,0.8504702415624193,230.98556226265706,0.005621189024390244,0.9551802047038328,0.0007077526132404182,0.0
echoplus,2021-09-07_15.51.10_192.168.11.135.pcap,70946,24109549,339.8295746060384,1514,54,58289,7238,2843,4899,0,169,174,2829,76115.10397291183,0.9320883280307751,316.7511800099519,0.8215967073548897,0.10202125560285287,0.04007273137315705,0.06905251881712852
echoplus,2021-09-02_15.50.33_192.168.11.135.pcap,8922,2451640,274.78592243891507,1514,54,7193,1000,386,660,0,82,87,408,10230.038549900055,0.8721374759714045,239.65110082834946,0.8062093700963909,0.11208249271463798,0.04326384218785026,0.07397444519166106
echoplus,2021-09-04_15.50.54_192.168.11.135.pcap,76782,25526985,332.4605376260061,1514,54,62468,8143,3150,5578,0,167,171,3131,86397.78447508812,0.8887033442638714,295.45879162399626,0.8135760985647678,0.10605350212289338,0.041025240290693134,0.07264723502904327
echoplus,2021-09-06_15.51.10_192.168.11.135.pcap,80084,26623071,332.43932620748217,1514,54,65565,8343,3184,5580,0,164,168,3185,86397.75866222382,0.926922193816303,308.14538955905294,0.8187028619949054,0.10417811298136956,0.03975825383347485,0.06967683931871535
echoplus,2021-09-05_15.50.55_192.168.11.135.pcap,79306,26356987,332.3454341411747,1514,54,64837,8321,3211,5554,0,171,176,3201,86393.12215590477,0.9179665929526731,305.08200586195113,0.8175547877840265,0.10492270446120092,0.04048873981792046,0.07003253221698232
echoplus,2021-09-03_15.50.37_192.168.11.135.pcap,78815,26351592,334.3474211761721,1514,54,64329,8344,3164,5556,0,171,175,3151,86385.14569592476,0.912367506763586,305.0477230513387,0.8162024995242022,0.10586817230222674,0.04014464251728732,0.07049419526739834
ring-camera,2021-09-06_15.57.14_192.168.10.106.pcap,4845,2217647,457.7186790505676,4505,54,4160,682,18,3,0,15,15,52,86399.07139587402,0.05607699158941855,25.667486515438444,0.8586171310629515,0.14076367389060887,0.0037151702786377707,0.0006191950464396285
ring-camera,2021-09-04_15.53.34_192.168.10.106.pcap,4179,1817873,435.00191433357264,4505,54,3593,586,8,0,0,10,10,35,86171.7411608696,0.048496176863810136,21.095929773616923,0.8597750658052166,0.14022493419478343,0.00191433357262503,0.0
ring-camera,2021-09-03_15.53.33_192.168.10.106.pcap,4012,1791689,446.58250249252245,4505,54,3426,586,8,0,0,10,10,32,86206.50884008408,0.04653940930890024,20.783685873692466,0.853938185443669,0.146061814556331,0.0019940179461615153,0.0
ring-camera,2021-09-05_15.53.34_192.168.10.106.pcap,4131,1800562,435.8658920358267,4518,54,3543,588,10,0,0,10,10,32,86137.47746396065,0.047958218903361584,20.90335186276314,0.8576615831517792,0.14233841684822077,0.002420721374969741,0.0
ring-camera,2021-09-07_15.57.14_192.168.10.106.pcap,3824,1662174,434.6689330543933,4505,54,3304,520,8,0,0,11,11,32,75291.15597295761,0.05078949779139358,22.07661681535351,0.8640167364016736,0.13598326359832635,0.0020920502092050207,0.0
ring-camera,2021-09-02_15.53.33_192.168.10.106.pcap,395,167656,424.44556962025314,3381,54,325,70,0,0,0,4,4,6,10306.723598957062,0.038324497228194816,16.26666305643096,0.8227848101265823,0.17721518987341772,0.0,0.0
tplink-bulb,2021-09-04_15.51.02_192.168.10.223.pcap,5657,848118,149.92363443521302,1279,54,4813,844,0,0,0,4,6,18,86334.56502890587,0.06552416170865015,9.823620466681447,0.8508043132402333,0.14919568675976666,0.0,0.0
tplink-bulb,2021-09-06_15.51.03_192.168.10.223.pcap,5659,856146,151.28927372327266,1279,54,4807,852,0,0,0,4,6,20,86350.9540309906,0.065534886829033,9.91472543190127,0.849443364552041,0.150556635447959,0.0,0.0
tplink-bulb,2021-09-07_15.51.03_192.168.10.223.pcap,4982,752886,151.1212364512244,1279,54,4232,750,0,0,0,4,6,18,76115.11690688133,0.06545348943094893,9.891412252852152,0.8494580489763147,0.15054195102368526,0.0,0.0
tplink-bulb,2021-09-05_15.51.02_192.168.10.223.pcap,5666,856968,151.2474408753971,1279,54,4812,854,0,0,0,4,6,22,86369.9042301178,0.06560155473721396,9.922067271450896,0.8492763854571126,0.1507236145428874,0.0,0.0
tplink-bulb,2021-09-02_15.51.01_192.168.10.223.pcap,671,100164,149.2757078986587,1044,54,570,101,0,0,0,4,5,8,10232.810569047928,0.06557338235397732,9.78851307019938,0.849478390461997,0.15052160953800298,0.0,0.0
tplink-bulb,2021-09-03_15.51.01_192.168.10.223.pcap,5645,841530,149.07528786536759,1279,54,4807,838,0,0,0,4,6,16,86340.35463809967,0.0653807831072889,9.746659062582255,0.8515500442869797,0.14844995571302036,0.0,0.0
echodot,2021-09-07_15.50.33_192.168.12.114.pcap,42975,8972634,208.78729493891797,1514,54,29274,8801,1972,4900,0,154,157,1966,76143.34587097168,0.5643960021512985,117.83871456350936,0.6811867364746946,0.2047934845840605,0.04588714368819081,0.1140197789412449
echodot,2021-09-03_15.50.27_192.168.12.114.pcap,48076,10060358,209.25946418171227,1514,54,32887,9629,2214,5560,0,141,146,2192,86397.64156603813,0.556450374438208,116.44250719865258,0.6840627340044929,0.20028704551127383,0.04605208420001664,0.11565022048423329
echodot,2021-09-06_15.50.31_192.168.12.114.pcap,47976,9347195,194.83064448891113,1514,54,32413,9982,2248,5581,0,144,148,2219,86392.10748887062,0.5553285062085151,108.1950107676693,0.6756086376521594,0.20806236451559112,0.046856761714190426,0.11632899783224945
echodot,2021-09-05_15.50.29_192.168.12.114.pcap,47820,10024478,209.62940192388123,1514,54,32751,9508,2220,5561,0,148,151,2208,86395.73628377914,0.5534995366313955,116.02977682918483,0.6848808030112924,0.19882894186532832,0.04642409033877039,0.11629025512337934
echodot,2021-09-04_15.50.28_192.168.12.114.pcap,48075,10183610,211.8275611024441,1514,54,33086,9409,2248,5580,0,146,149,2226,86396.81973004341,0.5564440930837009,117.87019512778174,0.6882163286531461,0.19571502860114404,0.046760270410816436,0.11606864274570983
echodot,2021-09-02_15.50.22_192.168.12.114.pcap,6379,1757506,275.5143439410566,1514,54,4550,1169,258,660,0,58,62,273,10214.865331888199,0.6244820457971573,172.05376115077263,0.7132779432512933,0.18325756388148612,0.04044521084809531,0.10346449286722056
lefun-cam-wired,2021-09-07_15.50.25_192.168.10.217.pcap,80920,7571500,93.5677212061295,346,54,24198,659,0,56063,0,4,5,27,76174.25193595886,1.0623012099683102,99.3971034512489,0.2990360850222442,0.00814384577360356,0.0,0.6928200692041523
lefun-cam-wired,2021-09-02_15.50.25_192.168.10.217.pcap,11049,1035112,93.6837722870848,346,54,3239,90,0,7720,0,4,5,9,10224.006464004517,1.0806918050081467,101.24328497290186,0.2931487012399312,0.008145533532446375,0.0,0.6987057652276224
lefun-cam-wired,2021-09-05_15.50.25_192.168.10.217.pcap,92425,8653044,93.62233162023261,346,54,27420,741,0,64264,0,4,5,30,86396.28858709335,1.0697797499348516,100.1552745090102,0.29667297809034354,0.00801731133351366,0.0,0.6953097105761428
lefun-cam-wired,2021-09-03_15.50.25_192.168.10.217.pcap,93253,8734022,93.65942114462806,346,54,27400,748,0,65105,0,4,5,30,86399.52846384048,1.0793230201369421,101.08876929409772,0.29382432736748415,0.008021189666820371,0.0,0.6981544829656955
lefun-cam-wired,2021-09-06_15.50.25_192.168.10.217.pcap,92067,8617654,93.6019855105521,346,54,27408,753,0,63906,0,4,5,30,86399.63458299637,1.0655947845654312,99.74178758501338,0.2976962429535013,0.008178826289550002,0.0,0.6941249307569487
lefun-cam-wired,2021-09-04_15.50.25_192.168.10.217.pcap,92930,8700652,93.62586893360594,346,54,27448,746,0,64736,0,4,5,30,86398.85153198242,1.075593000974092,100.70332933510423,0.295362100505757,0.008027547616485527,0.0,0.6966103518777574
echodot4b,2021-09-03_20.38.34_192.168.10.114.pcap,69697,26622168,381.9700704477955,21486,54,59115,5022,3192,5560,0,124,125,3679,86383.20642495155,0.8068350653382115,308.1868467469883,0.8481713703602738,0.07205475128054292,0.04579824095728654,0.07977387835918333
echodot4b,2021-09-06_20.38.40_192.168.10.114.pcap,82480,40977204,496.81382153249274,24342,54,70641,6279,3586,5560,0,123,123,4329,86400.22586512566,0.9546271340627593,474.2719546123307,0.8564621726479147,0.07612754607177498,0.04347720659553831,0.06741028128031037
echodot4b,2021-09-07_20.38.40_192.168.10.114.pcap,56079,28093473,500.96244583533945,21486,54,48017,4262,2460,3800,0,112,113,2998,58873.2139210701,0.9525384511058589,477.18599221819693,0.8562385206583569,0.07599992867205192,0.04386668806505109,0.06776155066959111
echodot4b,2021-09-04_20.38.40_192.168.10.114.pcap,80567,37769031,468.79033599364504,20058,54,69008,5979,3532,5580,0,115,116,4230,86399.85273599625,0.9324900153033925,437.1423075847966,0.8565293482443184,0.07421152581081585,0.04383928903893654,0.06925912594486576
echodot4b,2021-09-05_20.38.40_192.168.10.114.pcap,83482,41221450,493.77650271914905,21486,54,71609,6293,3612,5580,0,124,125,4328,86388.4904088974,0.9663555828428037,477.1636800792445,0.8577777245394217,0.07538151936944491,0.043266812007378835,0.06684075609113342
echodot4b,2021-09-02_20.38.32_192.168.10.114.pcap,21425,7852273,366.50049008168025,18630,54,18035,1610,998,1780,0,90,91,1206,27507.95756793022,0.7788655318044421,285.4545991140566,0.8417736289381563,0.07514585764294049,0.04658109684947491,0.08308051341890316
nest-tstat,2021-09-02_15.53.31_192.168.10.236.pcap,1154,399673,346.3370883882149,5064,54,1042,112,96,0,0,10,10,42,10277.203682899475,0.11228735321458819,38.88927497515954,0.902946273830156,0.09705372616984402,0.0831889081455806,0.0
nest-tstat,2021-09-05_15.53.31_192.168.10.236.pcap,9067,3361889,370.782949156281,5074,54,8177,890,752,0,0,15,15,252,86208.07939910889,0.10517575688032,38.99737731582907,0.9018418440498511,0.09815815595014889,0.08293812727473254,0.0
nest-tstat,2021-09-07_15.53.31_192.168.10.236.pcap,8050,2912603,361.8140372670807,5071,54,7250,800,678,0,0,15,15,226,75901.98374700546,0.10605783409867195,38.37321313904276,0.9006211180124224,0.09937888198757763,0.08422360248447205,0.0
nest-tstat,2021-09-06_15.53.31_192.168.10.236.pcap,9071,3280771,361.67688237239554,5057,54,8163,908,772,0,0,15,15,257,86366.24506306648,0.10502945905980006,37.98672731000764,0.899900782714144,0.10009921728585602,0.0851063829787234,0.0
nest-tstat,2021-09-04_15.53.31_192.168.10.236.pcap,9083,3349913,368.8112958273698,5093,54,8171,912,776,0,0,16,16,250,86298.056910038,0.10525150073157077,38.817942372585975,0.8995926456016734,0.10040735439832654,0.08543432786524276,0.0
nest-tstat,2021-09-03_15.53.31_192.168.10.236.pcap,9272,3312357,357.24298964624677,5077,54,8382,890,752,0,0,15,15,262,86347.5152990818,0.10738004409142038,38.36076797956481,0.9040120793787748,0.0959879206212252,0.0811044003451251,0.0
echospot,2021-09-03_15.50.31_192.168.10.221.pcap,91200,37366179,409.716875,25770,46,71363,11636,3328,5488,0,481,482,3643,86395.32961916924,1.0556126170478168,432.5023026674032,0.7824890350877193,0.1275877192982456,0.036491228070175435,0.06017543859649123
echospot,2021-09-02_15.50.30_192.168.10.221.pcap,12305,5776172,469.4166598943519,23234,46,9978,1351,396,653,0,114,116,461,10211.441806077957,1.205020822101335,565.6568494139547,0.8108898821617229,0.10979276716781795,0.03218203982121089,0.05306785859406745
echospot,2021-09-04_15.50.32_192.168.10.221.pcap,95760,47219679,493.1044172932331,25770,46,76257,11298,3376,5479,0,481,482,3695,86396.506234169,1.1083781529365573,546.5461632443311,0.7963345864661654,0.11798245614035088,0.03525480367585631,0.057215956558061824
echospot,2021-09-06_15.50.33_192.168.10.221.pcap,98834,51749851,523.6037294858045,26130,46,79175,11432,3435,5515,0,475,476,3730,86387.52355504036,1.144077245564628,599.0431125974858,0.8010907177691887,0.11566869700710282,0.034755246170346234,0.05580063540886739
echospot,2021-09-05_15.50.33_192.168.10.221.pcap,102325,59250963,579.0467920840459,26058,46,82431,11647,3440,5498,0,483,484,3752,86390.88005280495,1.184442153355257,685.8474293094811,0.8055802589787442,0.11382360127046176,0.033618372831663815,0.05373075983386269
echospot,2021-09-07_15.50.34_192.168.10.221.pcap,81915,37758081,460.9422083867424,25770,46,64801,9837,2999,4857,0,448,449,3244,76153.46144986153,1.0756569490138252,495.8156895449781,0.7910761154855643,0.12008789598974547,0.03661112128425807,0.059293169749130195
wink-hub2,2021-09-07_15.50.33_192.168.10.163.pcap,15246,1968066,129.08736717827628,350,60,12685,1291,0,0,0,7,13,81,76158.81983208656,0.20018692560643764,25.84160317004849,0.8320215138396957,0.08467794831431195,0.0,0.0
wink-hub2,2021-09-03_15.50.30_192.168.10.163.pcap,17193,2200873,128.00982958180654,350,60,14388,1365,0,0,0,7,11,88,86370.43815088272,0.19906116453832398,25.481785748906805,0.836852207293666,0.07939277612982028,0.0,0.0
wink-hub2,2021-09-02_15.50.30_192.168.10.163.pcap,2040,262135,128.49754901960785,350,60,1700,170,0,0,0,7,11,18,10201.286182165146,0.19997478392151385,25.69626959964021,0.8333333333333334,0.08333333333333333,0.0,0.0
wink-hub2,2021-09-04_15.50.31_192.168.10.163.pcap,17248,2219815,128.69984925788498,350,60,14383,1425,0,0,0,7,11,88,86379.76844906807,0.19967638614555797,25.698320797292542,0.8338937847866419,0.0826182745825603,0.0,0.0
wink-hub2,2021-09-05_15.50.32_192.168.10.163.pcap,17286,2229471,128.9755293300937,350,60,14391,1455,0,0,0,7,11,89,86373.76858305931,0.20013020484775215,25.811899105178924,0.8325234293648038,0.08417216244359597,0.0,0.0
wink-hub2,2021-09-06_15.50.33_192.168.10.163.pcap,17301,2234700,129.16594416507715,350,60,14391,1470,0,0,0,7,11,88,86392.33380889893,0.20026082451100416,25.86687847724068,0.8318016299635859,0.08496618692561124,0.0,0.0
amazon-plug,2021-09-07_15.51.13_192.168.10.166.pcap,7439,790892,106.31697808845274,4564,54,6879,560,50,0,0,22,22,57,76106.8469979763,0.09774416223283833,10.391863954382842,0.9247210646592284,0.07527893534077161,0.006721333512568894,0.0
amazon-plug,2021-09-06_15.51.13_192.168.10.166.pcap,8454,905532,107.11284599006387,4564,54,7820,634,58,0,0,23,23,65,86369.90372490883,0.09788131785959014,10.484346525198768,0.9250059143600663,0.07499408563993376,0.006860657676839366,0.0
amazon-plug,2021-09-04_15.51.12_192.168.10.166.pcap,8274,863288,104.3374425912497,4564,54,7646,628,50,0,0,22,22,56,86370.23065400124,0.09579689595997037,9.99520313264333,0.9240995890742084,0.07590041092579164,0.006043026347594876,0.0
amazon-plug,2021-09-02_15.51.08_192.168.10.166.pcap,1008,104547,103.7172619047619,4131,54,934,74,6,0,0,7,7,11,10234.236027002335,0.09849294049311162,10.215418104894187,0.9265873015873016,0.07341269841269842,0.005952380952380952,0.0
amazon-plug,2021-09-03_15.51.11_192.168.10.166.pcap,8364,881868,105.4361549497848,4564,54,7732,632,54,0,0,22,22,61,86370.7120950222,0.0968383818672029,10.210266635636835,0.9244380679100909,0.07556193208990913,0.006456241032998565,0.0
amazon-plug,2021-09-05_15.51.12_192.168.10.166.pcap,8355,880921,105.4363853979653,4564,54,7721,634,56,0,0,21,21,62,86390.9341199398,0.09671153674991449,10.196914861193468,0.9241172950329144,0.07588270496708557,0.0067025733093955715,0.0
echoshow5,2021-09-07_12.20.32_192.168.10.148.pcap,148265,124975097,842.9170539237176,26334,46,134793,5225,2150,5460,0,240,241,2869,84522.17661690712,1.7541550151033651,1478.607177456443,0.9091356692408863,0.03524095369777088,0.014501062287121034,0.03682595352915388
echoshow5,2021-09-05_12.20.15_192.168.10.148.pcap,135207,92853245,686.7487999881663,26334,46,121180,5618,2224,5580,0,239,240,2947,86381.832873106,1.5652249495402308,1074.9163558082917,0.896255371393493,0.041551103123358996,0.016448852500240373,0.04127005258603475
echoshow5,2021-09-08_11.53.26_192.168.10.148.pcap,9644,11241372,1165.6337619245126,24764,46,8960,310,112,240,0,43,44,191,3992.058753967285,2.415796107814257,2815.933505194128,0.92907507258399,0.03214433844877644,0.011613438407299876,0.02488593944421402
echoshow5,2021-09-03_14.42.15_192.168.10.148.pcap,140965,125086509,887.358628028234,25770,46,127008,5771,2116,5420,0,238,239,2840,84045.58687591553,1.6772445197880526,1488.3173959470005,0.9009896073493421,0.04093924023693825,0.015010818288227574,0.0384492604547228
echoshow5,2021-09-02_14.42.13_192.168.10.148.pcap,12481,7892201,632.3372325935422,13194,46,11434,448,176,400,0,69,70,272,6128.930323123932,2.0364075527029977,1287.6963163088017,0.9161124909862992,0.0358945597307908,0.014101434179953529,0.03204871404534893
echoshow5,2021-09-06_12.20.20_192.168.10.148.pcap,127011,80748809,635.7623276724063,25770,46,113256,5360,2106,5560,0,221,222,2844,86390.74876189232,1.4701921423330182,934.6927785353213,0.8917022935021376,0.04220106919873082,0.01658124099487446,0.04377573595987749
echoshow5,2021-09-04_14.04.17_192.168.10.148.pcap,146671,125024970,852.417792201594,26334,46,133557,5332,2010,5160,0,210,211,2755,80105.76884198189,1.830966759576653,1560.7486427928375,0.9105890053248427,0.03635347137470939,0.01370414055948347,0.035180778749718755
govee-led1,2021-07-21_17.23.34_192.168.10.168.pcap,8593,882001,102.64180146630979,2758,20,4648,817,88,13,2957,38,38,46,86378.80299401283,0.09948042461986427,10.210849993616305,0.5409053881065984,0.09507738857209357,0.010240893750727335,0.0015128593040847202
govee-led1,2021-07-24_17.24.09_192.168.10.168.pcap,8527,861892,101.07798756889879,2758,20,4646,781,72,3,2937,39,39,46,86362.98590493202,0.09873442784141903,9.979877269977289,0.5448575114342676,0.09159141550369415,0.00844376685821508,0.0003518236190922951
govee-led1,2021-07-26_17.24.45_192.168.10.168.pcap,8583,888674,103.53885587789817,2758,20,4727,772,73,4,2927,39,39,46,86399.53265619278,0.09934081511938368,10.285634339438795,0.5507398345566819,0.08994524059186765,0.008505184667365722,0.0004660375160200396
govee-led1,2021-07-23_17.23.40_192.168.10.168.pcap,8531,857389,100.5027546594772,2844,20,4659,762,76,5,2942,41,42,49,86386.10056209564,0.09875431284073052,9.925080474997198,0.5461258937990857,0.08932129879263861,0.008908685968819599,0.0005860977611065526
govee-led1,2021-07-22_17.23.40_192.168.10.168.pcap,8937,949956,106.2947297750923,2758,20,4932,819,80,8,2986,43,43,45,86394.96713209152,0.10344352566667439,10.99550160772198,0.5518630412890232,0.09164149043303121,0.008951549737048226,0.0008951549737048226
govee-led1,2021-07-25_17.24.26_192.168.10.168.pcap,8588,876192,102.02515137401025,2758,20,4717,755,75,8,2943,40,40,48,86383.08691501617,0.09941760947312393,10.143096655737704,0.5492547741034001,0.08791336748952026,0.008733115975780158,0.0009315323707498836
microwave,2021-09-02_15.50.30_192.168.10.107.pcap,3929,285244,72.59964367523543,2347,54,3857,72,6,0,0,6,6,15,10225.731142997742,0.3842268044266405,27.89472909184847,0.9816747263934843,0.018325273606515653,0.0015271061338763044,0.0
microwave,2021-09-07_15.51.07_192.168.10.107.pcap,38654,5444973,140.86441247995032,2347,54,37886,717,106,51,0,9,9,304,76132.7114789486,0.5077186829302434,71.51949397606292,0.9801314223624981,0.01854917990376158,0.002742277642676049,0.0013193977337403633
microwave,2021-09-04_15.50.35_192.168.10.107.pcap,32948,2415228,73.30423697948282,2347,54,32333,611,54,4,0,9,9,82,86108.81729483604,0.38263212798738433,28.048556185951025,0.9813342236251063,0.018544372951317226,0.0016389462182833556,0.00012140342357654485
microwave,2021-09-03_15.50.32_192.168.10.107.pcap,33170,2401579,72.40214048839313,2347,54,32569,601,47,0,0,7,7,75,86397.37161397934,0.38392371643205175,27.796898853939414,0.9818812179680434,0.018118782031956587,0.0014169430208019296,0.0
microwave,2021-09-06_15.51.03_192.168.10.107.pcap,50464,8117774,160.86267438173746,2347,54,49581,845,136,38,0,8,10,508,86369.00604200363,0.5842836720322793,93.98943408069444,0.9825023779327837,0.016744610019023463,0.002694990488268865,0.0007530120481927711
microwave,2021-09-05_15.51.00_192.168.10.107.pcap,49139,7700968,156.718044730255,2347,54,48332,777,117,30,0,8,9,482,86398.25987410545,0.5687498807453125,89.13336925097109,0.9835771993732066,0.015812287592340095,0.002381000834367814,0.0006105130344532856
keyco-air,2021-09-02_15.53.32_192.168.10.150.pcap,1534,428292,279.1994784876141,4988,54,1396,138,70,0,0,6,6,76,10111.213949918747,0.15171274266353815,42.35811863158545,0.910039113428944,0.08996088657105607,0.04563233376792699,0.0
keyco-air,2021-09-05_15.53.33_192.168.10.150.pcap,12599,3517613,279.19779347567265,4988,54,11377,1217,625,5,0,7,7,542,86329.36537790298,0.145941070513474,40.7464248648395,0.9030081752520042,0.09659496785459164,0.0496071116755298,0.00039685689340423846
keyco-air,2021-09-06_15.53.33_192.168.10.150.pcap,12763,3584478,280.8491733918358,4988,54,11574,1186,600,3,0,7,7,597,85977.2245130539,0.14844628995975787,41.69101782828277,0.9068400846196035,0.09292486092611454,0.04701089085638173,0.00023505445428190864
keyco-air,2021-09-07_15.53.34_192.168.10.150.pcap,11797,3293218,279.1572433669577,4988,54,10718,1075,565,4,0,7,7,560,75946.94401884079,0.15533212234416463,43.36208707993602,0.9085360684919895,0.0911248622531152,0.047893532253962874,0.0003390692548953124
keyco-air,2021-09-03_15.53.32_192.168.10.150.pcap,12784,3545934,277.37280976220273,4988,54,11594,1186,592,4,0,6,6,240,86326.67815613747,0.14808863578507928,41.075761001558924,0.9069148936170213,0.09277221526908636,0.04630788485607009,0.00031289111389236547
keyco-air,2021-09-04_15.53.33_192.168.10.150.pcap,13067,3613138,276.5086094742481,4988,54,11820,1243,665,4,0,6,7,441,86184.83248114586,0.15161600508834996,41.923130741020174,0.9045687610009949,0.09512512435907247,0.05089155888880386,0.0003061146399326548
homepod,2021-09-07_15.53.31_192.168.12.118.pcap,35596,29977220,842.1513653219463,1514,54,29507,6089,1628,0,0,54,55,1063,75966.00594091415,0.46857801142903743,394.61361208480645,0.8289414540959659,0.17105854590403416,0.04573547589616811,0.0
homepod,2021-09-06_15.52.55_192.168.12.118.pcap,22015,8793829,399.4471496706791,1514,54,14288,7727,1722,0,0,51,52,1116,86320.8714568615,0.2550368135590696,101.87372823726275,0.6490120372473314,0.35098796275266864,0.0782193958664547,0.0
homepod,2021-09-03_15.52.17_192.168.12.118.pcap,31622,24506328,774.9771677945733,1514,54,26306,5316,1647,0,0,50,51,1148,86397.50875902176,0.366005923714762,283.64623415650294,0.8318891910695085,0.16811080893049143,0.0520839921573588,0.0
homepod,2021-09-04_15.52.25_192.168.12.118.pcap,19249,6658508,345.914489064367,1514,54,13432,5817,1757,0,0,59,60,1192,86398.92478203773,0.2227921244223846,77.06702388713404,0.6978024832458829,0.3021975167541171,0.09127746895942647,0.0
homepod,2021-09-05_15.52.26_192.168.12.118.pcap,21259,8173204,384.45853520861755,1514,54,13821,7438,1768,0,0,56,57,1193,86390.11474895477,0.24608139555986885,94.60809287903957,0.6501246530881039,0.34987534691189615,0.08316477727080296,0.0
homepod,2021-09-02_15.50.59_192.168.12.118.pcap,2199,765872,348.2819463392451,1514,54,1167,1032,184,0,0,20,21,141,10102.254095077515,0.2176741922450256,75.81199134292054,0.5306957708049114,0.4693042291950887,0.08367439745338791,0.0
dlink-camera,2021-09-05_15.50.32_192.168.10.158.pcap,10020,1592755,158.95758483033933,4162,46,4784,4018,12,0,0,6,7,14,86370.6953651905,0.1160115703322021,18.440919032381892,0.47744510978043914,0.40099800399201596,0.0011976047904191617,0.0
dlink-camera,2021-09-02_15.50.31_192.168.10.158.pcap,1210,194524,160.76363636363635,4162,46,583,478,4,0,0,5,6,9,10175.281784057617,0.11891562569754072,19.11730840759373,0.4818181818181818,0.3950413223140496,0.003305785123966942,0.0
dlink-camera,2021-09-06_15.50.33_192.168.10.158.pcap,10079,1596145,158.36342891159836,4162,46,4803,4018,12,0,0,6,7,14,86396.1292309761,0.11666031904107942,18.474728141266368,0.4765353705724774,0.39865065978767733,0.0011905943049905744,0.0
dlink-camera,2021-09-04_15.50.32_192.168.10.158.pcap,10067,1595218,158.46011721466178,4162,46,4785,4022,12,0,0,6,7,14,86349.36463403702,0.11658452893852343,18.47399812101455,0.4753153869077183,0.39952319459620544,0.001192013509486441,0.0
dlink-camera,2021-09-07_15.50.33_192.168.10.158.pcap,8885,1400454,157.62003376477207,4162,46,4215,3529,8,0,0,5,6,11,76140.69069004059,0.11669187551988128,18.39297735951827,0.4743950478334271,0.3971862689926843,0.0009003939223410242,0.0
dlink-camera,2021-09-03_15.50.31_192.168.10.158.pcap,10059,1594641,158.52878019683865,4162,46,4785,4017,12,0,0,6,7,14,86346.75052905083,0.11649540878339958,18.46787505296442,0.4756934088875634,0.3993438711601551,0.0011929615269907546,0.0
philips-bulb,2021-07-11_11.20.50_192.168.10.228.pcap,16305,1260418,77.30254523152408,666,42,0,11971,0,0,4190,3,3,4,86390.69209980965,0.1887356103266584,14.589743054075813,0.0,0.7341919656547071,0.0,0.0
philips-bulb,2021-07-09_11.20.46_192.168.10.228.pcap,16321,1270034,77.81594265057288,666,42,0,11974,0,0,4203,3,3,4,86392.0588350296,0.18891782670865442,14.70081876883152,0.0,0.7336560259788003,0.0,0.0
philips-bulb,2021-07-08_11.20.37_192.168.10.228.pcap,16295,1273538,78.15513961337834,666,42,0,11980,0,0,4171,3,3,4,86394.7715549469,0.18861095071750278,14.74091518593845,0.0,0.7351948450444922,0.0,0.0
philips-bulb,2021-07-12_11.20.55_192.168.10.228.pcap,16280,1263736,77.62506142506143,666,42,0,11990,0,0,4146,3,3,4,86399.06102108955,0.1884279737256188,14.626733034651021,0.0,0.7364864864864865,0.0,0.0
philips-bulb,2021-07-07_11.20.31_192.168.10.228.pcap,16309,1260586,77.29388681096327,666,42,0,11971,0,0,4194,3,3,4,86391.25527191162,0.18878068096902098,14.591592586916077,0.0,0.734011895272549,0.0,0.0
philips-bulb,2021-07-10_11.20.48_192.168.10.228.pcap,16240,1232152,75.87142857142857,350,42,0,11904,0,0,4192,3,3,4,86396.16341781616,0.18797130980761897,14.261651805546634,0.0,0.7330049261083744,0.0,0.0
bulb1,2021-09-03_15.50.52_192.168.10.194.pcap,9418,698008,74.11424930983223,350,54,8814,604,0,0,0,3,3,4,86371.01469492912,0.10904121056427665,8.081507464806712,0.9358674877893396,0.06413251221066044,0.0,0.0
bulb1,2021-09-07_15.50.55_192.168.10.194.pcap,8481,625756,73.78328027355265,350,54,7947,534,0,0,0,3,3,4,76141.40418791771,0.1113848646535177,8.218340686962224,0.9370357269189954,0.0629642730810046,0.0,0.0
bulb1,2021-09-02_15.50.27_192.168.10.194.pcap,1096,81718,74.56021897810218,350,54,1024,72,0,0,0,3,3,4,10200.298215150833,0.10744783896338204,8.011334401833626,0.9343065693430657,0.06569343065693431,0.0,0.0
bulb1,2021-09-06_15.50.55_192.168.10.194.pcap,9329,693024,74.28706185014471,350,54,8725,604,0,0,0,3,3,4,86371.12812113762,0.10801063043793813,8.023792383816232,0.9352556544109766,0.06474434558902348,0.0,0.0
bulb1,2021-09-04_15.50.53_192.168.10.194.pcap,9522,703236,73.85381222432262,350,54,8920,602,0,0,0,3,3,4,86371.6591629982,0.11024449561667382,8.141976278038987,0.9367779878176854,0.06322201218231464,0.0,0.0
bulb1,2021-09-05_15.50.54_192.168.10.194.pcap,9563,706106,73.8372895534874,350,54,8959,604,0,0,0,3,3,4,86370.98143792152,0.1107200571394842,8.175268918386765,0.93683990379588,0.06316009620412004,0.0,0.0
echoflex1,2021-09-05_15.51.37_192.168.11.104.pcap,51908,10860276,209.22162287123373,1514,54,41979,4369,2948,5560,0,112,116,2949,86393.10471200943,0.6008349876189172,125.70767118744747,0.8087192725591431,0.08416814363874547,0.05679278723896124,0.10711258380211143
echoflex1,2021-09-07_15.52.00_192.168.11.104.pcap,46629,9821062,210.62133007355936,1514,54,37876,3853,2610,4900,0,119,124,2634,76066.06141114235,0.6130066304861903,129.11227185691234,0.8122842008192327,0.0826309807201527,0.05597375024126616,0.10508481846061464
echoflex1,2021-09-04_15.51.34_192.168.11.104.pcap,50516,10520833,208.26734104046244,1514,54,40618,4318,2927,5580,0,108,111,2933,86356.03462982178,0.5849735946832724,121.83089514356634,0.8040620793411988,0.08547786839813129,0.05794203816612559,0.11046005226066989
echoflex1,2021-09-06_15.51.59_192.168.11.104.pcap,52656,11039321,209.64982148283195,1514,54,42720,4356,2918,5580,0,106,110,2937,86370.64002418518,0.6096516129237374,127.8133518161821,0.8113035551504102,0.08272561531449407,0.055416286842904894,0.10597082953509572
echoflex1,2021-09-03_15.51.30_192.168.11.104.pcap,51964,10886861,209.5077553691017,1514,54,42014,4370,2966,5580,0,118,122,2969,86398.78940415382,0.6014436123279953,126.00710119992247,0.8085212839658225,0.08409668231852821,0.057077977061042263,0.10738203371564929
echoflex1,2021-09-02_15.51.07_192.168.11.104.pcap,6287,1314940,209.1522188643232,1514,54,5082,545,348,660,0,64,68,371,10249.29272699356,0.6134081801997838,128.2956819583114,0.8083346588197868,0.0866868140607603,0.05535231429934786,0.10497852711945284
microseven-camera,2021-09-02_15.50.30_192.168.10.138.pcap,1267,137010,108.13733228097868,346,60,1021,76,4,0,0,5,6,10,10201.128779888153,0.12420194150454511,13.430866618419673,0.8058405682715075,0.05998421468034728,0.0031570639305445935,0.0
microseven-camera,2021-09-03_15.50.31_192.168.10.138.pcap,10735,1159230,107.98602701443875,346,60,8629,666,48,0,0,5,6,53,86377.38079714775,0.1242802212909248,13.42052733368223,0.8038192827200745,0.062040055891942246,0.004471355379599441,0.0
microseven-camera,2021-09-07_15.50.33_192.168.10.138.pcap,9477,1023759,108.02564102564102,346,60,7616,592,44,0,0,5,6,49,76140.40358018875,0.1244674253666007,13.445673412038174,0.8036298406668777,0.062467025429988395,0.004642819457634273,0.0
microseven-camera,2021-09-04_15.50.32_192.168.10.138.pcap,10757,1161720,107.99665334200985,346,60,8640,677,54,0,0,5,6,57,86377.86463403702,0.12453422002934333,13.449278989726572,0.8031979176350283,0.06293576275913358,0.005019986985218927,0.0
microseven-camera,2021-09-05_15.50.32_192.168.10.138.pcap,10736,1159395,107.99133755588673,346,60,8630,666,48,0,0,5,6,54,86379.11451220512,0.12428930373537267,13.422168154272764,0.8038375558867362,0.062034277198211626,0.004470938897168405,0.0
microseven-camera,2021-09-06_15.50.33_192.168.10.138.pcap,10735,1159872,108.04583139264089,346,60,8627,668,48,0,0,5,6,54,86371.29529309273,0.12428897776248236,13.428905935288864,0.8036329762459246,0.06222636236609222,0.004471355379599441,0.0
magichome-strip,2021-09-03_15.50.32_192.168.10.239.pcap,4723,555166,117.54520431928859,350,54,2197,2526,1816,0,0,5,5,6,86282.04684686661,0.05473908156562838,6.434316526881991,0.4651704425153504,0.5348295574846496,0.3845013762439128,0.0
magichome-strip,2021-09-06_15.50.37_192.168.10.239.pcap,4691,552330,117.74248561074398,350,54,2195,2496,1786,0,0,4,4,6,86391.694699049,0.054299201055626925,6.393322898967047,0.4679172884246429,0.532082711575357,0.3807290556384566,0.0
magichome-strip,2021-09-04_15.50.33_192.168.10.239.pcap,4737,557143,117.61515727253536,350,54,2175,2562,1852,0,0,4,4,6,86369.9854490757,0.05484544168173984,6.450655249079498,0.4591513616212793,0.5408486383787207,0.39096474561959044,0.0
magichome-strip,2021-09-05_15.50.35_192.168.10.239.pcap,4738,557581,117.6827775432672,350,54,2196,2542,1828,0,0,4,4,6,86282.1935441494,0.05491283665123362,6.462295139896896,0.4634867032503166,0.5365132967496834,0.3858168003376952,0.0
magichome-strip,2021-09-07_15.50.40_192.168.10.239.pcap,4152,489500,117.89499036608863,350,54,1933,2219,1589,0,0,5,5,6,76025.77680897713,0.054613055916973303,6.438605701194227,0.4655587668593449,0.5344412331406551,0.38270712909441235,0.0
magichome-strip,2021-09-02_15.50.30_192.168.10.239.pcap,556,65308,117.46043165467626,350,54,264,292,208,0,0,4,4,6,10200.610084056854,0.054506543767318956,6.402362158913788,0.4748201438848921,0.5251798561151079,0.37410071942446044,0.0
ikettle,2021-09-06_15.52.55_192.168.10.195.pcap,6863,675114,98.37010053912283,350,54,6287,576,0,0,0,3,3,4,86374.74782705307,0.07945609304401892,7.81610386118604,0.9160716887658459,0.08392831123415416,0.0,0.0
ikettle,2021-09-07_15.53.26_192.168.10.195.pcap,6098,601686,98.66939980321416,350,54,5590,508,0,0,0,3,3,4,75975.78944206238,0.0802624104965729,7.919443870456045,0.9166939980321417,0.08330600196785831,0.0,0.0
ikettle,2021-09-03_15.51.33_192.168.10.195.pcap,6948,685728,98.69430051813471,350,54,6372,576,0,0,0,3,3,4,86394.96831798553,0.08042135016969014,7.937128901721542,0.917098445595855,0.08290155440414508,0.0,0.0
ikettle,2021-09-05_15.52.12_192.168.10.195.pcap,6903,684032,99.09198899029407,350,54,6327,576,0,0,0,3,3,4,86388.73575305939,0.07990625096924787,7.918069341300385,0.9165580182529335,0.08344198174706649,0.0,0.0
ikettle,2021-09-04_15.51.33_192.168.10.195.pcap,6857,677046,98.73793204025084,350,54,6281,576,0,0,0,3,3,4,86333.44293999672,0.07942460958919173,7.8422217039410675,0.915998249963541,0.0840017500364591,0.0,0.0
ikettle,2021-09-02_15.50.51_192.168.10.195.pcap,796,78013,98.00628140703517,350,54,728,68,0,0,0,3,3,4,10202.323067903519,0.07802144616496354,7.646591808627262,0.914572864321608,0.08542713567839195,0.0,0.0
brewer,2021-09-07_16.24.09_192.168.10.206.pcap,23458,7531925,321.0812942279819,523,54,22942,516,0,0,0,3,3,6,74145.35893297195,0.31637853451092246,101.58322932671922,0.9780032398328928,0.02199676016710717,0.0,0.0
brewer,2021-09-04_16.23.52_192.168.10.206.pcap,27320,8767550,320.9205710102489,523,54,26744,576,0,0,0,3,3,6,86394.10788488388,0.3162252689315645,101.4831938733872,0.9789165446559297,0.021083455344070277,0.0,0.0
brewer,2021-09-05_16.23.56_192.168.10.206.pcap,27470,8821396,321.1283582089552,3692,54,26879,590,4,1,0,6,6,16,86394.10256910324,0.31796151801018857,102.106460252239,0.9784856206771023,0.021477975973789587,0.0001456133964324718,3.640334910811795e-05
brewer,2021-09-06_16.24.00_192.168.10.206.pcap,27272,8749167,320.8113449691992,523,54,26694,578,0,0,0,3,3,6,86399.48624300957,0.3156500250857282,101.26410908731393,0.9788061014960399,0.021193898503960105,0.0,0.0
brewer,2021-09-02_16.23.43_192.168.10.206.pcap,3883,1246541,321.02523821787275,4723,54,3801,82,0,0,0,3,3,8,12216.133081912994,0.3178583577931961,102.04055503010262,0.9788823074942055,0.02111769250579449,0.0,0.0
brewer,2021-09-03_16.23.47_192.168.10.206.pcap,27335,8771955,320.9056155112493,523,54,26757,578,0,0,0,3,3,6,86394.39853096008,0.31639782746105116,101.53383956781069,0.9788549478690324,0.021145052130967623,0.0,0.0
homepod-mini1,2021-09-04_15.52.01_192.168.11.110.pcap,14263,4491676,314.91803968309614,1514,54,11428,2835,1642,0,0,61,62,1058,86364.60223317146,0.16514867933383218,52.008298352062674,0.8012339619995793,0.19876603800042067,0.11512304564257168,0.0
homepod-mini1,2021-09-06_15.53.31_192.168.11.110.pcap,14554,4575087,314.35254912738765,1514,54,11563,2986,1644,1,0,51,53,1102,86064.42052102089,0.16910588500906998,53.158866025044034,0.7944894874261371,0.20516696440841006,0.11295863680087949,6.87096330905593e-05
homepod-mini1,2021-09-03_15.51.55_192.168.11.110.pcap,15068,5195190,344.7829838067428,1514,54,12230,2837,1624,1,0,45,46,1156,86361.6897380352,0.17447551160365715,60.15618749191688,0.8116538359437218,0.18827979824794266,0.10777807273692594,6.636580833554553e-05
homepod-mini1,2021-09-05_15.52.36_192.168.11.110.pcap,15432,5395379,349.6227967858994,1514,54,12510,2921,1680,1,0,56,58,1093,86235.5810368061,0.17895165562128568,62.56557832778102,0.8106531881804043,0.189282011404873,0.1088646967340591,6.480041472265422e-05
homepod-mini1,2021-09-07_15.53.31_192.168.11.110.pcap,32624,27844748,853.5050269740069,1514,54,30006,2617,1562,1,0,53,54,1106,75959.85001397133,0.42949005288977604,366.5719191767559,0.9197523295733202,0.08021701814615008,0.04787886218734674,3.065228052967141e-05
homepod-mini1,2021-09-02_15.51.15_192.168.11.110.pcap,1559,432520,277.4342527261065,1514,54,1182,377,202,0,0,22,23,147,10216.640298843384,0.1525941948035983,42.33485640567822,0.7581783194355356,0.2418216805644644,0.12957023733162285,0.0
meross-dooropener,2021-09-04_15.50.26_192.168.10.196.pcap,17990,1558693,86.64219010561423,4866,54,17316,674,50,0,0,28,28,33,86384.44657111168,0.20825508195147874,18.043676400900292,0.9625347415230684,0.03746525847693163,0.0027793218454697055,0.0
meross-dooropener,2021-09-07_15.50.32_192.168.10.196.pcap,15892,1368792,86.1308834633778,350,54,15291,601,48,0,0,21,22,30,76161.31925702095,0.20866235190030524,17.97227271471952,0.9621822300528567,0.03781776994714322,0.003020387616410773,0.0
meross-dooropener,2021-09-06_15.50.31_192.168.10.196.pcap,17980,1558558,86.68286985539488,4875,54,17306,674,50,0,0,27,27,33,86395.27769899368,0.20811322654281403,18.03985173159706,0.9625139043381535,0.0374860956618465,0.0027808676307007787,0.0
meross-dooropener,2021-09-02_15.50.22_192.168.10.196.pcap,2074,180256,86.9122468659595,350,54,1998,76,4,0,0,6,6,9,10194.953973054886,0.2034339738542765,17.68090375654603,0.9633558341369335,0.03664416586306654,0.0019286403085824494,0.0
meross-dooropener,2021-09-03_15.50.23_192.168.10.196.pcap,17732,1544294,87.09079630047373,4875,54,17055,677,52,0,0,27,28,34,86394.81941199303,0.20524378800354903,17.8748449329547,0.9618204376268893,0.03817956237311076,0.002932551319648094,0.0
meross-dooropener,2021-09-05_15.50.27_192.168.10.196.pcap,17991,1549450,86.12361736423767,350,54,17316,675,50,0,0,27,28,32,86397.32985687256,0.2082356020701592,17.93400331430205,0.9624812406203102,0.03751875937968985,0.002779167361458507,0.0
switchbot-hub,2021-09-06_15.52.23_192.168.10.143.pcap,4903,574127,117.09708341831532,350,66,4327,576,0,0,0,3,3,4,86341.04003715515,0.05678643664577229,6.649526108938876,0.8825209055680195,0.11747909443198042,0.0,0.0
switchbot-hub,2021-09-07_15.52.24_192.168.10.143.pcap,4317,505218,117.02988186240445,350,66,3811,506,0,0,0,3,3,4,76015.50004410744,0.05679104916096181,6.646249774149363,0.8827889738244151,0.1172110261755849,0.0,0.0
switchbot-hub,2021-09-04_15.51.30_192.168.10.143.pcap,4894,573533,117.19105026563139,350,66,4318,576,0,0,0,3,3,4,86340.68231892586,0.05668243368661955,6.6426739353469495,0.8823048630976706,0.11769513690232938,0.0,0.0
switchbot-hub,2021-09-03_15.51.29_192.168.10.143.pcap,4902,574123,117.12015503875969,350,66,4326,576,0,0,0,3,3,4,86395.9747390747,0.0567387544941136,6.645251723056708,0.8824969400244798,0.1175030599755202,0.0,0.0
switchbot-hub,2021-09-02_15.51.28_192.168.10.143.pcap,585,68812,117.62735042735042,350,66,515,70,0,0,0,3,3,4,10235.271619796753,0.05715529804490099,6.7230262719072265,0.8803418803418803,0.11965811965811966,0.0,0.0
switchbot-hub,2021-09-05_15.51.30_192.168.10.143.pcap,4895,573568,117.17425944841675,350,66,4319,576,0,0,0,3,3,4,86337.87856388092,0.05669585680609718,6.643295035047916,0.8823289070480081,0.11767109295199182,0.0,0.0
echodot3a,2021-09-02_15.50.36_192.168.12.112.pcap,6323,1310497,207.25873794085086,1514,54,5155,508,348,660,0,63,66,369,10230.425037145615,0.61805838731449,128.09800132855878,0.815277558121145,0.08034160999525541,0.055037165902261584,0.10438083188359956
echodot3a,2021-09-03_15.50.38_192.168.12.112.pcap,53527,11075147,206.90767276327836,1514,54,43710,4237,2945,5580,0,119,121,2950,86361.46099591255,0.6198019276507308,128.24177442440651,0.816597231303828,0.07915631363610888,0.05501896239281111,0.10424645506006315
echodot3a,2021-09-05_15.50.46_192.168.12.112.pcap,54768,11477594,209.56752118025125,1514,54,44962,4246,2944,5560,0,114,117,2950,86388.75252604485,0.6339714187155129,132.85981871933717,0.8209538416593631,0.07752702307917032,0.05375401694420099,0.10151913526146655
echodot3a,2021-09-07_15.50.55_192.168.12.112.pcap,48642,10145607,208.57709386949549,1514,54,39964,3778,2602,4900,0,115,118,2626,76134.83204698563,0.6388928522227674,133.25841441061786,0.8215945068048189,0.0776695037210641,0.05349286624727602,0.10073598947411702
echodot3a,2021-09-06_15.50.51_192.168.12.112.pcap,54945,11436934,208.15240695240695,1514,54,45123,4242,2950,5580,0,110,114,2941,86374.35011792183,0.6361263491416933,132.41123069969066,0.8212394212394213,0.0772044772044772,0.05369005369005369,0.10155610155610155
echodot3a,2021-09-04_15.50.39_192.168.12.112.pcap,53221,10935415,205.47180624189699,1514,54,43403,4238,2940,5580,0,113,116,2944,86392.78928899765,0.616035208933552,126.57786708818132,0.8155239473140302,0.07963022115330415,0.05524135209785611,0.10484583153266568
smartthings-hub,2021-09-03_15.50.31_192.168.10.197.pcap,72088,12783830,177.3364498945733,3365,60,62142,7066,6492,0,0,18,20,3038,86390.97304391861,0.834439032922486,147.97645575193462,0.8620297414271446,0.09801908778160026,0.09005659749195428,0.0
smartthings-hub,2021-09-06_15.50.32_192.168.10.197.pcap,72170,12793483,177.26871276153526,3365,60,62133,7157,6506,0,0,19,22,3033,86389.56841397285,0.8354017889540359,148.0905997665657,0.8609255923513925,0.09916862962449771,0.09014826105029791,0.0
smartthings-hub,2021-09-07_15.50.32_192.168.10.197.pcap,64171,11328749,176.54001028501972,3365,60,55367,6263,5750,1,0,20,23,2713,76167.52310609818,0.8424981853566708,148.7346383079771,0.8628040703744683,0.09759860373065715,0.08960433840831528,1.5583363201446135e-05
smartthings-hub,2021-09-05_15.50.32_192.168.10.197.pcap,72890,12863192,176.47402935930856,3365,60,62379,7631,6512,0,0,18,21,3046,86398.53057599068,0.8436486073786934,148.88206910748733,0.8557964055425984,0.10469200164631637,0.08934010152284264,0.0
smartthings-hub,2021-09-04_15.50.31_192.168.10.197.pcap,72157,12794924,177.32062031403746,3365,60,62191,7086,6508,0,0,19,22,3059,86390.34599900246,0.8352437898655156,148.10594693240077,0.8618845018501323,0.09820253059301245,0.09019221974306027,0.0
smartthings-hub,2021-09-02_15.50.30_192.168.10.197.pcap,8564,1515150,176.92083138720224,3365,60,7388,836,768,0,0,18,20,386,10217.464617013931,0.8381727092785217,148.29021257161983,0.8626809901914994,0.09761793554413825,0.08967772069126577,0.0
yi-camera,2021-09-06_15.50.58_192.168.10.220.pcap,21157,2502360,118.27574797939216,1214,46,1523,19626,116,8,0,7,8,150,86382.60341501236,0.24492200007395404,28.968332755355657,0.0719856312331616,0.9276362433237226,0.005482818925178428,0.00037812544311575366
yi-camera,2021-09-02_15.50.34_192.168.10.220.pcap,2389,272904,114.23357053160318,1214,46,109,2280,8,0,0,7,8,18,10204.318230867386,0.23411657162684651,26.7439718975525,0.04562578484721641,0.9543742151527836,0.0033486814566764337,0.0
yi-camera,2021-09-04_15.50.46_192.168.10.220.pcap,20362,2362720,116.03575287299873,1214,46,1172,19177,90,13,0,9,10,126,86370.74350500107,0.23575112559753514,27.35555934936687,0.057558196640801494,0.941803359198507,0.004419998035556429,0.0006384441606914842
yi-camera,2021-09-03_15.50.43_192.168.10.220.pcap,20421,2333667,114.27780226237697,1214,46,960,19453,72,8,0,7,8,106,86374.35627603531,0.23642433796830317,27.018053744355132,0.04701043043925371,0.9525978159737525,0.0035257822829440283,0.0003917535869937809
yi-camera,2021-09-05_15.50.50_192.168.10.220.pcap,21431,2573902,120.10181512761886,1214,46,1786,19637,136,8,0,7,8,168,86379.92008090019,0.24810164190854228,29.797457529358443,0.08333722178153143,0.9162894871914516,0.006345947459287947,0.0003732910270169381
yi-camera,2021-09-07_15.51.03_192.168.10.220.pcap,18765,2234755,119.09166000532908,1214,46,1449,17310,110,6,0,7,8,140,76131.17655086517,0.2464824642170429,29.35400582581176,0.07721822541966426,0.9224620303756994,0.005861977084998668,0.000319744204636291
sousvide,2021-09-05_15.53.37_192.168.10.135.pcap,1440,283680,197.0,350,46,543,694,0,112,0,4,5,103,86239.41867208481,0.01669770068227651,3.289447034408472,0.3770833333333333,0.48194444444444445,0.0,0.07777777777777778
sousvide,2021-09-02_15.52.15_192.168.10.135.pcap,179,36370,203.18435754189943,350,46,67,90,0,11,0,4,5,22,9868.163072109222,0.018139140860563476,3.685589682115607,0.3743016759776536,0.5027932960893855,0.0,0.061452513966480445
sousvide,2021-09-03_15.52.27_192.168.10.135.pcap,1549,312654,201.84247901872175,350,46,581,772,0,99,0,4,5,108,86208.21627998352,0.017968124928710055,3.6267308789289308,0.3750806972240155,0.4983860555196901,0.0,0.06391220142027114
sousvide,2021-09-07_15.54.23_192.168.10.135.pcap,1297,252272,194.5042405551272,350,46,500,614,0,101,0,4,5,94,75728.98015904427,0.017126864738915937,3.3312478191332318,0.3855050115651503,0.47340015420200465,0.0,0.07787201233616037
sousvide,2021-09-06_15.53.47_192.168.10.135.pcap,1502,297716,198.21304926764313,350,46,566,730,0,112,0,4,5,105,86136.2870399952,0.01743748252467145,3.4563365827663683,0.37683089214380827,0.48601864181091875,0.0,0.07456724367509987
sousvide,2021-09-04_15.52.51_192.168.10.135.pcap,1532,309366,201.9360313315927,350,46,575,764,0,98,0,4,5,106,85555.43722486496,0.01790651827274813,3.6159712349654036,0.37532637075718017,0.49869451697127937,0.0,0.0639686684073107
ring-doorbell,2021-09-02_15.53.33_192.168.10.191.pcap,1150,369657,321.4408695652174,3372,54,953,197,0,0,0,5,5,29,10032.639050006866,0.11462587204303068,36.84543998418312,0.828695652173913,0.17130434782608694,0.0,0.0
ring-doorbell,2021-09-04_15.56.20_192.168.10.191.pcap,9428,3074799,326.1348112006788,3372,54,7737,1690,36,1,0,11,12,206,86342.32777309418,0.10919325715628823,35.611722307053235,0.8206406448875689,0.17925328807806534,0.003818413237165889,0.00010606703436571913
ring-doorbell,2021-09-06_16.02.10_192.168.10.191.pcap,8442,2777898,329.05685856432126,3366,54,6646,1794,84,2,0,13,13,175,86226.87705802917,0.09790450829291523,32.216149938151226,0.7872542051646529,0.2125088841506752,0.009950248756218905,0.00023691068467187872
ring-doorbell,2021-09-05_16.00.16_192.168.10.191.pcap,2848,1154761,405.4638342696629,3366,54,1366,1482,24,0,0,7,7,11,86243.44663906097,0.0330227989602412,13.389550684735633,0.47963483146067415,0.5203651685393258,0.008426966292134831,0.0
ring-doorbell,2021-09-03_15.53.34_192.168.10.191.pcap,9577,3089136,322.5577947165083,3372,54,7847,1729,72,1,0,13,13,214,86285.10838913918,0.11099250124144794,35.80149643051076,0.819358880651561,0.18053670251644566,0.007518011903518847,0.00010441683199331732
ring-doorbell,2021-09-07_16.03.15_192.168.10.191.pcap,8140,2586339,317.73206388206387,3366,54,6646,1494,26,0,0,10,10,185,75373.54195594788,0.10799545555066829,34.31361898199753,0.8164619164619165,0.18353808353808354,0.0031941031941031942,0.0
gosund-bulb1,2021-09-05_15.50.24_192.168.10.214.pcap,22317,4654065,208.54348702782633,350,54,4327,17990,0,0,0,3,4,5,86396.02130198479,0.2583105062441956,53.86897370808766,0.1938880673925707,0.8061119326074293,0.0,0.0
gosund-bulb1,2021-09-04_15.50.23_192.168.10.214.pcap,22324,4655376,208.53682135817954,350,54,4332,17992,0,0,0,3,4,5,86396.02723097801,0.2583915107614525,53.88414432013115,0.19405124529654183,0.8059487547034582,0.0,0.0
gosund-bulb1,2021-09-07_15.50.26_192.168.10.214.pcap,19676,4103199,208.53826997357186,350,54,3816,15860,0,0,0,3,4,5,76170.90938711166,0.2583138386861538,53.86832102984283,0.1939418581012401,0.8060581418987599,0.0,0.0
gosund-bulb1,2021-09-03_15.50.21_192.168.10.214.pcap,22313,4653711,208.56500694662304,350,54,4323,17990,0,0,0,3,4,5,86396.03067612648,0.2582641797936867,53.864870452734166,0.19374355756733744,0.8062564424326626,0.0,0.0
gosund-bulb1,2021-09-06_15.50.25_192.168.10.214.pcap,22320,4654884,208.55215053763442,350,54,4328,17992,0,0,0,3,4,5,86396.0339319706,0.2583451922987005,53.8784454349527,0.1939068100358423,0.8060931899641577,0.0,0.0
gosund-bulb1,2021-09-02_15.50.20_192.168.10.214.pcap,2640,551048,208.73030303030302,350,54,510,2130,0,0,0,3,4,5,10215.113798856735,0.2584405863687457,53.94438190807749,0.19318181818181818,0.8068181818181818,0.0,0.0
google-nest-mini1,2021-09-07_15.50.52_192.168.11.137.pcap,301798,33144714,109.8241671581654,1514,54,91770,200008,6692,9992,0,47,51,2663,76143.19565081596,3.963558364216959,435.2944963329079,0.3040775618128682,0.6627214229385218,0.022173771860648513,0.03310823796049013
google-nest-mini1,2021-09-06_15.50.52_192.168.11.137.pcap,211384,28843276,136.44966506452712,1514,54,76450,123718,7400,11193,0,46,50,2892,86399.05455803871,2.44660084628591,333.837866022301,0.36166408053589677,0.5852760852287779,0.03500737993414828,0.05295102751390834
google-nest-mini1,2021-09-02_15.50.31_192.168.11.137.pcap,7731,1802863,233.19919803388953,1484,54,3962,2479,822,1290,0,28,32,324,10223.515883922577,0.7561977785115698,176.34471550390688,0.5124822144612599,0.3206570948130902,0.10632518432285604,0.16686069072565
google-nest-mini1,2021-09-05_15.50.42_192.168.11.137.pcap,70444,15362058,218.07475441485434,1484,54,38793,20456,7308,11186,0,41,46,2774,86395.57739591599,0.815365810650048,177.81069891577786,0.5506927488501505,0.2903866901368463,0.10374197944466526,0.15879279995457385
google-nest-mini1,2021-09-04_15.50.39_192.168.11.137.pcap,290038,32239151,111.15492107930685,1514,54,99455,179325,7450,11243,0,45,49,2899,86399.02006101608,3.356959370548086,373.1425538997121,0.3429033436997911,0.6182810528275605,0.025686289382770535,0.03876388611147505
google-nest-mini1,2021-09-03_15.50.39_192.168.11.137.pcap,162197,23020513,141.92933901366857,1484,54,66106,84851,7408,11227,0,47,51,2861,86399.29660701752,1.8772953758841835,266.44329183265864,0.4075661078811569,0.523135446401598,0.045672854615066864,0.06921829626935147
ikea-hub,2021-09-05_15.50.33_192.168.10.227.pcap,12139,1042403,85.87223000247137,2934,54,10116,582,4,1,0,7,8,8,86376.7329530716,0.14053553063410154,12.068099410130928,0.8333470631847764,0.047944641238981796,0.0003295164346321773,8.237910865804432e-05
ikea-hub,2021-09-07_15.50.34_192.168.10.227.pcap,10716,920786,85.92627846211273,2934,54,8931,514,4,1,0,7,8,8,76146.69636511803,0.14072836395445887,12.09226458866838,0.8334266517357223,0.047965658827920865,0.0003732736095558044,9.33184023889511e-05
ikea-hub,2021-09-02_15.50.31_192.168.10.227.pcap,1436,122362,85.21030640668523,342,54,1198,68,0,0,0,3,4,4,10200.18965601921,0.1407816960690143,11.996051458493543,0.8342618384401114,0.04735376044568245,0.0,0.0
ikea-hub,2021-09-04_15.50.33_192.168.10.227.pcap,12146,1042787,85.85435534332291,2934,54,10123,582,4,1,0,7,8,8,86376.73441195488,0.14061656860135877,12.072544847859797,0.8334431088424172,0.047917009715132554,0.00032932652725177014,8.233163181294254e-05
ikea-hub,2021-09-06_15.50.33_192.168.10.227.pcap,12164,1043759,85.80721802038804,2934,54,10141,582,4,1,0,7,8,8,86376.7344801426,0.14082495793814037,12.083797868509984,0.8336895757974351,0.04784610325550805,0.0003288391976323578,8.220979940808945e-05
ikea-hub,2021-09-03_15.50.31_192.168.10.227.pcap,12145,1042727,85.8564841498559,2934,54,10122,582,4,1,0,7,8,8,86377.64573597908,0.1406035079622599,12.071722852775906,0.8334293948126801,0.04792095512556608,0.00032935364347468093,8.233841086867023e-05
wyze-cam,2021-09-03_15.50.25_192.168.10.110.pcap,170741,15551978,91.08519921987103,5425,46,82574,45861,2158,42306,0,39,40,1136,86398.3601360321,1.9762064896969396,180.00316181364775,0.4836213914642646,0.26859980906753506,0.012639026361565178,0.24777879946820036
wyze-cam,2021-09-05_15.50.27_192.168.10.110.pcap,171078,15567054,90.99389752042927,5425,46,82618,46036,2160,42424,0,46,48,1142,86399.85382795334,1.9800727943436678,180.17454093149775,0.48292591683325736,0.2690936298062872,0.012625819801494055,0.24798045336045546
wyze-cam,2021-09-04_15.50.27_192.168.10.110.pcap,171086,15755607,92.09173748874835,5425,46,82907,45970,2311,42209,0,50,50,1234,86396.72732400894,1.9802370448406628,182.3634700989611,0.48459254410062774,0.2686952760599932,0.013507826473235682,0.24671217983937901
wyze-cam,2021-09-06_15.50.29_192.168.10.110.pcap,190225,16498670,86.73239584702326,5425,46,82604,65195,2162,42426,0,44,46,1133,86398.32047104836,2.201721039979515,190.960540784223,0.4342436588250756,0.34272571954264686,0.011365488237613353,0.22303062163227758
wyze-cam,2021-09-02_15.50.24_192.168.10.110.pcap,20134,1815594,90.17552398927188,5425,46,9718,5414,238,5002,0,12,12,134,10222.845051050186,1.9695104346643353,177.60163544819505,0.4826661368828847,0.2688983808483163,0.011820800635740538,0.24843548226879905
wyze-cam,2021-09-07_15.50.30_192.168.10.110.pcap,150664,13717506,91.0470052567302,5425,46,72809,40457,1888,37398,0,40,40,994,76168.35741519928,1.9780392424470903,180.09454930509887,0.48325412839165294,0.26852466415334786,0.012531195242393671,0.2482212074549992
t-wemo-plug,2021-09-07_15.51.25_192.168.10.188.pcap,13841,2529362,182.74416588396792,1514,46,8624,4399,0,0,0,8,9,462,76110.59036588669,0.18185379897149812,33.23272080587721,0.6230763673145004,0.3178238566577559,0.0,0.0
t-wemo-plug,2021-09-03_15.51.00_192.168.10.188.pcap,14839,2694588,181.5882471864681,1514,46,8726,4964,0,192,0,9,9,431,86398.41971802711,0.17175082655943333,31.187931547754587,0.5880450165105465,0.33452388974998315,0.0,0.01293887728283577
t-wemo-plug,2021-09-04_15.51.04_192.168.10.188.pcap,15448,2806878,181.6984722941481,1514,46,9355,4969,0,188,0,9,9,483,86339.48493099213,0.1789216140488561,32.50978393308034,0.6055800103573278,0.3216597617814604,0.0,0.012169860176074573
t-wemo-plug,2021-09-06_15.51.11_192.168.10.188.pcap,15748,2866599,182.02940055880111,1514,46,9748,4988,0,80,0,9,9,529,86385.32720589638,0.18229947734602195,33.18386458347912,0.618999237998476,0.31673863347726694,0.0,0.00508001016002032
t-wemo-plug,2021-09-05_15.51.10_192.168.10.188.pcap,15886,2874569,180.9498300390281,1514,46,9765,4970,0,192,0,9,9,528,86387.07790517807,0.1838932440501936,33.275451256208044,0.6146921817952915,0.312854085358177,0.0,0.012086113559108649
t-wemo-plug,2021-09-02_15.50.31_192.168.10.188.pcap,1759,322626,183.4144400227402,1514,46,1050,584,0,24,0,9,9,60,10225.082866191864,0.17202794569185784,31.552409327334466,0.5969300739056282,0.3320068220579875,0.0,0.013644115974985787
dlink-mov,2021-09-03_15.50.25_192.168.10.218.pcap,38929,2265896,58.205861953813354,489,46,36912,613,24,0,0,7,8,33,86396.65373206139,0.4505845807492615,26.22666390560838,0.9481877263736546,0.015746615633589357,0.0006165069742351461,0.0
dlink-mov,2021-09-05_15.50.27_192.168.10.218.pcap,39004,2300646,58.984873346323454,4884,46,36981,619,32,0,0,11,12,41,86398.35537600517,0.45144377841748035,26.628354092940786,0.9481335247666905,0.015870167162342325,0.0008204286739821557,0.0
dlink-mov,2021-09-06_15.50.30_192.168.10.218.pcap,38790,2329504,60.054240783707144,4884,46,36640,747,68,5,0,13,15,71,86396.33804988861,0.44897736264702726,26.962994642838378,0.9445733436452693,0.01925754060324826,0.0017530291312193864,0.0001288992008249549
dlink-mov,2021-09-04_15.50.27_192.168.10.218.pcap,38944,2265096,58.16290057518488,348,46,36930,613,24,0,0,7,8,31,86394.79041981697,0.4507679202734329,26.217969729346542,0.948284716516023,0.015740550534100246,0.0006162695152013147,0.0
dlink-mov,2021-09-02_15.50.22_192.168.10.218.pcap,4611,268396,58.20776404250705,348,46,4372,75,4,0,0,6,7,11,10215.864125967026,0.45135682533987564,26.272471588358545,0.9481674257211017,0.01626545217957059,0.0008674907829104315,0.0
dlink-mov,2021-09-07_15.50.31_192.168.10.218.pcap,34332,1998525,58.21172666899685,489,46,32584,545,24,0,0,7,8,32,76167.31940197945,0.45074449605886713,26.238615402133505,0.9490854013748107,0.0158744028894326,0.0006990562740300594,0.0
ubell-doorbell,2021-09-06_15.51.14_192.168.10.173.pcap,48156,3598730,74.73066699892017,354,54,44053,3970,1320,133,0,8,11,637,86390.60239195824,0.5574217410999631,41.65649851209964,0.9147977406761358,0.0824404020267464,0.0274109145277847,0.0027618572971177006
ubell-doorbell,2021-09-03_15.50.29_192.168.10.173.pcap,48795,3639589,74.58938415821294,354,46,44759,3901,1281,134,0,8,10,560,86373.66453886032,0.5649291396921879,42.137716622669345,0.9172866072343477,0.07994671585203401,0.026252689824777128,0.00274618301055436
ubell-doorbell,2021-09-07_15.51.34_192.168.10.173.pcap,40652,3024891,74.40940175145134,354,54,37416,3129,997,107,0,8,11,572,76104.8101708889,0.5341580894652823,39.74638387780988,0.9203975204171997,0.07697038276099577,0.024525238610646462,0.0026320968218045853
ubell-doorbell,2021-09-02_15.50.29_192.168.10.173.pcap,5623,422505,75.1387159879068,354,54,5165,445,137,13,0,8,9,126,10182.4751329422,0.5522232980278586,41.49334955242049,0.9185488173572826,0.07913924951093722,0.024364218388760447,0.0023119331317801887
ubell-doorbell,2021-09-05_15.50.57_192.168.10.173.pcap,47235,3527297,74.67549486609505,354,46,43366,3737,1199,131,0,8,12,718,86385.85497498512,0.5467909070724357,40.83188157391513,0.9180903990684873,0.07911506298295755,0.025383719699375463,0.0027733672065205885
ubell-doorbell,2021-09-04_15.50.31_192.168.10.173.pcap,47669,3553763,74.55081919066899,354,54,43655,3880,1300,134,0,8,10,556,86396.18890786171,0.5517488746041471,41.13333058926887,0.9157943317459984,0.08139461704671799,0.02727139230946737,0.0028110512072835594
tplink-plug,2021-09-07_15.53.34_192.168.10.125.pcap,1630,390817,239.76503067484663,830,66,977,653,42,0,0,21,23,62,75950.09357500076,0.021461461379114352,5.145707945890389,0.5993865030674846,0.40061349693251536,0.025766871165644172,0.0
tplink-plug,2021-09-03_15.53.33_192.168.10.125.pcap,1824,428887,235.13541666666666,830,66,1106,718,48,0,0,19,21,64,86240.56924200058,0.0211501386879956,4.973146672959633,0.606359649122807,0.39364035087719296,0.02631578947368421,0.0
tplink-plug,2021-09-04_15.53.34_192.168.10.125.pcap,1842,438181,237.88327904451683,830,66,1110,732,48,0,0,24,26,66,86225.13607597351,0.02136268011658459,5.0818243953122435,0.6026058631921825,0.3973941368078176,0.026058631921824105,0.0
tplink-plug,2021-09-05_15.53.34_192.168.10.125.pcap,1845,441526,239.30948509485094,830,66,1107,738,48,0,0,22,24,70,86020.87274503708,0.02144828273794102,5.132777498185446,0.6,0.4,0.026016260162601626,0.0
tplink-plug,2021-09-02_15.53.33_192.168.10.125.pcap,220,52068,236.6727272727273,645,66,132,88,6,0,0,7,8,14,10205.582947969437,0.021556828367533136,5.1019133610941605,0.6,0.4,0.02727272727272727,0.0
tplink-plug,2021-09-06_15.53.34_192.168.10.125.pcap,1852,443048,239.2267818574514,830,66,1108,744,50,0,0,22,25,69,86290.8090338707,0.02146230891488173,5.134359092937646,0.5982721382289417,0.4017278617710583,0.026997840172786176,0.0
icsee-doorbell,2021-09-03_15.51.09_192.168.10.170.pcap,17153,2194884,127.95919081210283,857,46,12090,4801,592,261,0,95,99,1389,86317.19786787033,0.19872053801209905,25.428119241773917,0.7048329738238209,0.2798927301346703,0.03451291319302746,0.015215997201655687
icsee-doorbell,2021-09-05_15.52.17_192.168.10.170.pcap,18461,2305333,124.87584637885271,857,43,12722,5537,636,201,0,68,71,1539,86256.4834151268,0.21402449148260191,26.72648951969347,0.6891284329126266,0.29992958127945396,0.03445100482097394,0.010887817561345539
icsee-doorbell,2021-09-04_15.51.47_192.168.10.170.pcap,17191,2194759,127.66907102553662,857,43,12110,4829,625,251,0,98,102,1414,86280.13134908676,0.19924633552591317,25.43759456183571,0.7044383689139666,0.28090279797568496,0.03635623291257053,0.014600663137688326
icsee-doorbell,2021-09-07_15.52.37_192.168.10.170.pcap,14231,1816781,127.66362167099993,857,43,9758,4319,515,154,0,62,65,1152,75979.29798197746,0.18730101985643036,23.91152653754377,0.6856861780619774,0.3034923757993114,0.036188602346988966,0.010821446138711265
icsee-doorbell,2021-09-02_15.50.27_192.168.10.170.pcap,3010,369597,122.78970099667774,857,46,2134,828,111,48,0,35,35,292,10198.771578073502,0.29513358319263133,36.23936443430132,0.7089700996677741,0.2750830564784053,0.036877076411960134,0.015946843853820596
icsee-doorbell,2021-09-06_15.52.17_192.168.10.170.pcap,18175,2283056,125.61518569463549,857,43,12609,5353,654,213,0,83,86,1513,86300.52185297012,0.21060127574853696,26.454718360679603,0.6937551581843191,0.294525447042641,0.03598349381017882,0.01171939477303989
tuya-camera,2021-09-05_15.51.02_192.168.10.160.pcap,14687,1544375,105.15251583032614,2524,66,14111,576,0,0,0,4,4,53,86395.37515306473,0.1699975256080476,17.875667502616498,0.9607816436304215,0.03921835636957854,0.0,0.0
tuya-camera,2021-09-02_15.50.25_192.168.10.160.pcap,1730,181901,105.14508670520232,2524,66,1662,68,0,0,0,4,4,11,10209.774826049805,0.16944546079370712,17.816357666957295,0.9606936416184971,0.03930635838150289,0.0,0.0
tuya-camera,2021-09-04_15.50.50_192.168.10.160.pcap,14720,1541183,104.6999320652174,2524,66,14144,576,0,0,0,4,4,53,86391.11564302444,0.17038789105148627,17.839600617826274,0.9608695652173913,0.0391304347826087,0.0,0.0
tuya-camera,2021-09-06_15.51.17_192.168.10.160.pcap,14711,1538471,104.57963428726804,2524,54,14137,574,0,0,0,4,4,53,86395.2965619564,0.1702754731497489,17.807346710092265,0.9609815784107131,0.03901842158928693,0.0,0.0
tuya-camera,2021-09-03_15.50.37_192.168.10.160.pcap,14611,1536775,105.17931695298063,2524,66,14037,574,0,0,0,4,4,53,86392.91618800163,0.16912266242066262,17.78820611467482,0.9607145301485183,0.039285469851481764,0.0,0.0
tuya-camera,2021-09-07_15.51.17_192.168.10.160.pcap,12947,1355746,104.71506912798331,2524,54,12439,508,0,0,0,4,4,47,76103.84622788429,0.1701228077386744,17.814421572601905,0.9607631111454391,0.0392368888545609,0.0,0.0
t-philips-hub,2021-09-02_15.50.19_192.168.10.164.pcap,5807,1184766,204.023764422249,3063,54,3274,2357,60,6,0,17,23,159,10208.072834014893,0.5688634960215183,116.06167190071123,0.5638023075598416,0.4058894437747546,0.010332357499569485,0.0010332357499569485
t-philips-hub,2021-09-07_15.50.30_192.168.10.164.pcap,48269,9553958,197.93155027035985,3063,54,30300,16626,542,81,0,22,28,1446,76159.67036914825,0.6337868817713979,125.44642005003006,0.6277320847749073,0.3444446746358947,0.011228738942178209,0.0016780956721705442
t-philips-hub,2021-09-06_15.50.30_192.168.10.164.pcap,52996,10747452,202.79741867310742,3063,54,32316,19163,606,85,0,20,26,1566,86394.73036193848,0.6134170426596711,124.39939282147272,0.6097818703298362,0.3615933277983244,0.011434825269831686,0.0016038946335572497
t-philips-hub,2021-09-04_15.50.20_192.168.10.164.pcap,51870,10333659,199.22226720647774,4434,54,31875,18495,580,68,0,20,26,1475,86379.27233600616,0.6004912821936174,119.63123467633726,0.6145170618854829,0.3565644881434355,0.011181800655484866,0.0013109697320223637
t-philips-hub,2021-09-05_15.50.20_192.168.10.164.pcap,56627,11694588,206.51964610521483,3410,54,33392,21717,614,86,0,20,26,1679,86395.31063103676,0.6554406667027741,135.36137453042298,0.5896833665919085,0.3835096332138379,0.010842884136542639,0.0015187101559326823
t-philips-hub,2021-09-03_15.50.20_192.168.10.164.pcap,49449,9883585,199.87431495075734,3616,54,29634,18320,572,63,0,20,25,1320,86399.28804802895,0.5723311050029896,114.39428753748251,0.5992841109021416,0.3704827195696576,0.011567473558615947,0.0012740399199174907
